id,abstract,GPT_output
pub.1124436034,"We report pressure evolution of charge density wave (CDW) order and the emergence of superconductivity (SC) in 1T-VSe2 single crystal by studying resistance and magnetoresistance behavior under high pressure. With increasing quasihydrostatic pressure the CDW order enhances with its ordering temperature (∼100K at ambient P) increasing marginally up to 5 GPa. At higher pressures, CDW-like resistance anomaly increases more rapidly with the characteristic temperature reaching ∼290K at 14.2 GPa. Upon further increase of pressure, the resistance anomaly due to CDW order gets suppressed drastically with rapidly increased metallicity (as clearly evidenced from the increased RRR value) and superconductivity emerges at ∼15 GPa, with the onset critical temperature (Tc) ∼4 K. The pressure dependence of Tc is found negligible, different from an increase or a dome-shaped behavior seen in isostructural layered diselenide superconductors. The high-pressure magnetoresistance and Hall measurements suggest successive electronic structural changes with Fermi surface modifications at 5 and ∼12 GPa.","{""system"": ""1T-VSe2; transition metal dichalcogenide"", ""model"": ""N/A"", ""pure el-ph coupling"": 0, ""bipolaron el-ph coupling"": 0, ""AFM fluctuation"": 0, ""FM fluctuation"": 0, ""charge density wave"": 3, ""nematic fluctuation"": 0, ""plasmon fluctuation"": 0, ""pure el correlation"": 0, ""spin liquid el correlation"": 0}"
pub.1004332925,"We demonstrate rapid, first-order sideband transitions between a superconducting resonator and a frequency-modulated transmon qubit. The qubit contains a substantial asymmetry between its Josephson junctions leading to a linear portion of the energy band near the resonator frequency. The sideband transitions are driven with a magnetic flux signal of a few hundred MHz coupled to the qubit. This modulates the qubit splitting at a frequency near the detuning between the dressed qubit and resonator frequencies, leading to rates up to 85 MHz for exchanging quanta between the qubit and resonator.","{""system"": ""superconducting resonator and frequency-modulated transmon qubit; circuit QED"", ""model"": ""N/A"", ""pure el-ph coupling"": 0, ""bipolaron el-ph coupling"": 0, ""AFM fluctuation"": 0, ""FM fluctuation"": 0, ""charge density wave"": 0, ""nematic fluctuation"": 0, ""plasmon fluctuation"": 0, ""pure el correlation"": 0, ""spin liquid el correlation"": 0}"
pub.1023745412,"We study the properties of a quantum dot coupled to a topological superconductor and a normal lead and discuss the interplay between Kondo-and Majorana-induced couplings in quantum dots. The latter appears due to the presence of Majorana zero-energy modes localized, for example, at the ends of the one-dimensional superconductor. We investigate the phase diagram of the system as a function of Kondo and Majorana interactions using a renormalization-group analysis, a slave-boson mean-field theory, and numerical simulations using the density-matrix renormalization-group method. We show that, in addition to the well-known Kondo fixed point, the system may flow to a new fixed point controlled by the Majorana-induced coupling, which is characterized by nontrivial correlations between a localized spin on the dot and the fermion parity of the topological superconductor and the normal lead. We compute several measurable quantities, such as differential tunneling conductance and impurity-spin susceptibility, which highlight some peculiar features characteristic to the Majorana fixed point.","{""system"": ""Quantum dot coupled to a topological superconductor and a normal lead"", ""model"": ""Renormalization group; slave-boson mean-field theory; density-matrix renormalization group"", ""pure el-ph coupling"": 0, ""bipolaron el-ph coupling"": 0, ""AFM fluctuation"": 0, ""FM fluctuation"": 0, ""charge density wave"": 0, ""nematic fluctuation"": 0, ""plasmon fluctuation"": 0, ""pure el correlation"": 0, ""spin liquid el correlation"": 0}"
pub.1048898662,"The correlations between critical temperature, modulation vector q and oxygen non-stoichiometry have been studied for three series of compositions belonging to the 2212 bismuth cuprates. For this exploration three samples were prepared in different conditions: the pure phases Bi2Sr2CaCu2O8 (synthesized in argon), Bi2.1Sr1.9CaCu2O8+δ (synthesized in air), and the mixture Bi2Sr2CaCu2O8+δ (synthesized in air). Oxygen intercalation and disintercalation were performed and the q vector and critical temperature were measured. In each series of oxides, the q vector decreases as the oxygen content δ increases. The comparison of the different series also shows that the Bi/Sr ratio affects q. It is also demonstrated that, if the oxygen non-stoichiometry can dramatically influence Tcs, it is not the only factor, the cationic composition also playing a role. The importance of the purity of the phases for the physical interpretation is discussed, taking into account the fact that the air synthesized “Bi2Sr2CaCu2O8+δ” composition is not a single phase and may correspond to various members of the non-stoichiometric phase Bi2+xSr2−xCaCu2O8+δ.","{""system"": ""Bi2Sr2CaCu2O8 (Bi-2212); bismuth cuprates"", ""model"": ""N/A"", ""pure el-ph coupling"": 0, ""bipolaron el-ph coupling"": 0, ""AFM fluctuation"": 0, ""FM fluctuation"": 0, ""charge density wave"": 0, ""nematic fluctuation"": 0, ""plasmon fluctuation"": 0, ""pure el correlation"": 0, ""spin liquid el correlation"": 0}"
pub.1059113085,"REBCO (RE = rare earth) based high temperature superconducting (HTS) wires are now being utilized for the development of electric and electromagnetic devices for various industrial, scientific and medical applications. In the last several years, the increasing efforts in using the so-called second generation (2G) HTS wires for some of the applications require a further increase in their engineering current density (J e). The applications are those typically related to high magnetic fields where the higher J e of a REBCO wire, in addition to its higher irreversibility fields and higher mechanical strength, is already a major advantage over other superconducting wires. An effective way to increase the J e is to decrease the total thickness of a wire, for which using a thinner substrate becomes an obvious and attractive approach. By using our IBAD-MOCVD (ion beam assisted deposition-metal organic chemical vapor deposition) technology we have successfully made 2G HTS wires using a Hastelloy® C276 substrate that is only 30 μm in thickness. By using this thinner substrate instead of the typical 50 μm thick substrate and with a same critical current (I c), the J e of a wire can be increased by 30% to 45% depending on the copper stabilizer thickness. In this paper, we report the fabrication and characterization of the 2G HTS wires made on the 30 μm thick Hastelloy® C276 substrate. It was shown that with the optimization in the processing protocol, the surface of the thinner Hastelloy® C276 substrate can be readily electropolished to the quality needed for the deposition of the buffer stack. Same in the architecture as that on the standard 50 μm thick substrate, the buffer stack made on the 30 μm thick substrate showed an in-plane texture with a Δ of around 6.7° in the LaMnO3 cap layer. Low-temperature in-field transport measurement results suggest that the wires on the thinner substrate had achieved equivalent superconducting performance, most importantly the I c, as those on the 50 μm thick substrate. It is expected the 2G HTS wires made on the 30 μm thick Hastelloy® C276 substrate, the thinnest and with the highest J e to date, will greatly benefit such applications as high field magnets and high current cables.","{""system"": ""REBCO (2G HTS) coated conductor wires on 30 μm Hastelloy C276 substrate"", ""model"": ""N/A"", ""pure el-ph coupling"": 0, ""bipolaron el-ph coupling"": 0, ""AFM fluctuation"": 0, ""FM fluctuation"": 0, ""charge density wave"": 0, ""nematic fluctuation"": 0, ""plasmon fluctuation"": 0, ""pure el correlation"": 0, ""spin liquid el correlation"": 0}"
pub.1048231159,"New tunneling data are reported in Bi2Sr2CaCu2O8+δ which show quasiparticle excitation gaps, Δ, reaching values as high as 60 meV for underdoped crystals with Tc=70 K. These energy gaps are nearly 3 times larger than those of overdoped crystals with similar Tc. Despite the large differences in gap magnitude, the tunneling spectra display qualitatively similar characteristics over the entire doping range. Detailed examination of the spectra, including the Josephson IcRn product measured in break junctions, indicates that these energy gaps are predominantly of superconducting origin.","{""system"": ""Bi2Sr2CaCu2O8+δ; cuprate"", ""model"": ""N/A"", ""pure el-ph coupling"": 0, ""bipolaron el-ph coupling"": 0, ""AFM fluctuation"": 0, ""FM fluctuation"": 0, ""charge density wave"": 0, ""nematic fluctuation"": 0, ""plasmon fluctuation"": 0, ""pure el correlation"": 0, ""spin liquid el correlation"": 0}"
pub.1040770482,"Open quantum system approaches are widely used in the description of physical, chemical and biological systems. A famous example is electronic excitation transfer in the initial stage of photosynthesis, where harvested energy is transferred with remarkably high efficiency to a reaction center. This transport is affected by the motion of a structured vibrational environment, which makes simulations on a classical computer very demanding. Here we propose an analog quantum simulator of complex open system dynamics with a precisely engineered quantum environment. Our setup is based on superconducting circuits, a well established technology. As an example, we demonstrate that it is feasible to simulate exciton transport in the Fenna–Matthews–Olson photosynthetic complex. Our approach allows for a controllable single-molecule simulation and the investigation of energy transfer pathways as well as non-Markovian noise-correlation effects.","{""system"": ""Superconducting circuits; Fenna-Matthews-Olson (FMO) complex exciton transport"", ""model"": ""Analog quantum simulator for open quantum systems"", ""pure el-ph coupling"": 0, ""bipolaron el-ph coupling"": 0, ""AFM fluctuation"": 0, ""FM fluctuation"": 0, ""charge density wave"": 0, ""nematic fluctuation"": 0, ""plasmon fluctuation"": 0, ""pure el correlation"": 0, ""spin liquid el correlation"": 0}"
pub.1005191921,"We consider 2D surface superconductivity in high magnetic fields parallel to the surface. We demonstrate that the spin-orbit interaction at the surface changes the properties of the inhomogeneous superconducting Larkin-Ovchinnikov-Fulde-Ferrell (LOFF) state that develops above fields given by the paramagnetic criterion. Strong spin-orbit interaction significantly broadens the range of existence of the LOFF phase, which takes the form of periodic superconducting stripes running along the field direction on the surface, leading to the anisotropy of its properties. Our results provide a tool for studying surface superconductivity as a function of doping.","{""system"": ""2D surface superconductor; LOFF state under in-plane magnetic field"", ""model"": ""BCS/LOFF theory with spin–orbit coupling"", ""pure el-ph coupling"": 0, ""bipolaron el-ph coupling"": 0, ""AFM fluctuation"": 0, ""FM fluctuation"": 0, ""charge density wave"": 0, ""nematic fluctuation"": 0, ""plasmon fluctuation"": 0, ""pure el correlation"": 0, ""spin liquid el correlation"": 0}"
pub.1132472648,"Recent experiments on twisted bilayer graphene have shown a high-temperature parent state with massless Dirac fermions and broken electronic flavor symmetry; superconductivity and correlated insulators emerge from this parent state at lower temperatures. We propose that the superconducting and correlated insulating orders are connected by Wess-Zumino-Witten terms, so that defects of one order contain quanta of another order and skyrmion fluctuations of the correlated insulator are a ""mechanism"" for superconductivity. We present a comprehensive listing of plausible low-temperature orders and the parent flavor symmetry-breaking orders. The previously characterized topological nature of the band structure of twisted bilayer graphene plays an important role in this analysis.","{""system"": ""Twisted bilayer graphene"", ""model"": ""Dirac-fermion field theory with Wess–Zumino–Witten terms; topological defect-mediated pairing"", ""pure el-ph coupling"": 0, ""bipolaron el-ph coupling"": 0, ""AFM fluctuation"": 0, ""FM fluctuation"": 0, ""charge density wave"": 0, ""nematic fluctuation"": 0, ""plasmon fluctuation"": 0, ""pure el correlation"": 4, ""spin liquid el correlation"": 0}"
pub.1060580759,"The critical field of a thin superconducting film with a blind circular hole is found theoretically. It is shown that the value of the critical field is sensitive to the bottom thickness, but the orbital momentum, i.e., the number of vortices which nucleate inside the hole, is not sensitive. A simple boundary condition for a steplike thin film is derived and used for comparative numerical analysis of the superconductivity nucleation in a microdisk and near the hole. By increasing the thickness of the bottom of a blind hole one can transform the hole into a disk of the same radius which rests on top of the film. We show that such transformation leads to a jump in the number of vortices which nucleate at the critical magnetic field inside the perimeter of the hole (the disk). We report also the results of the Bitter decoration experiments of a thin superconducting film with a lattice of open or blind holes. It is found (in accordance with the calculation) that the bottom thickness has only a weak influence on the number of vortices captured by a hole during the cooling of the sample at a constant perpendicular magnetic field. All the experimental results are explained under the assumption that the vortices nucleated inside a hole rest inside during the cooling process and no additional vortices enter the hole. © 1996 The American Physical Society.","{""system"": ""thin superconducting film with blind/open holes; microdisk"", ""model"": ""N/A"", ""pure el-ph coupling"": 0, ""bipolaron el-ph coupling"": 0, ""AFM fluctuation"": 0, ""FM fluctuation"": 0, ""charge density wave"": 0, ""nematic fluctuation"": 0, ""plasmon fluctuation"": 0, ""pure el correlation"": 0, ""spin liquid el correlation"": 0}"
pub.1060526366,"The boson theory is reformulated in a form applicable to the mixed state in the rare-earth compounds, RRh4B4, RxMo6S8, and RxMo6Se6. The magnetic field induced by the persistent current of vortices, and the spin magnetization magnetized by this field are self-consistently calculated. A nonuniform spin magnetization with the periodicity of a flux-line lattice appears in the crystals. The total flux which is the sum of the spin and current contributions is quantized. This quantization effects the current inversion and thus the attractive interaction between the vortices. The calculated magnetization has a tendency of becoming the type-I or type II-1 superconductor even for a large κ. The fact that Hc2 is drastically depressed near the Curie or Nèel temperature explains the experiments on DyxMo6S8 and ErxMo6S8.","{""system"": ""RRh4B4; RxMo6S8; RxMo6Se6; rare-earth magnetic superconductors (Chevrel phases)"", ""model"": ""Boson theory reformulated for mixed state; self-consistent vortex–spin magnetization"", ""pure el-ph coupling"": 0, ""bipolaron el-ph coupling"": 0, ""AFM fluctuation"": 0, ""FM fluctuation"": 0, ""charge density wave"": 0, ""nematic fluctuation"": 0, ""plasmon fluctuation"": 0, ""pure el correlation"": 0, ""spin liquid el correlation"": 0}"
pub.1036672619,"In a superconductor, in which electrons are paired, the density of unpaired electrons should become zero when approaching zero temperature. Therefore, radiation detectors based on breaking of pairs promise supreme sensitivity, which we demonstrate using an aluminium superconducting microwave resonator. Here we show that the resonator also enables the study of the response of the electron system of the superconductor to pair-breaking photons, microwave photons and varying temperatures. A large range in radiation power (at 1.54 THz) can be chosen by carefully filtering the radiation from a blackbody source. We identify two regimes. At high radiation power, fluctuations in the electron system caused by the random arrival rate of the photons are resolved, giving a straightforward measure of the optical efficiency (48±8%) and showing an unprecedented detector sensitivity. At low radiation power, fluctuations are dominated by excess quasiparticles, the number of which is measured through their recombination lifetime.","{""system"": ""Aluminium superconducting microwave resonator; Al superconductor"", ""model"": ""N/A"", ""pure el-ph coupling"": 0, ""bipolaron el-ph coupling"": 0, ""AFM fluctuation"": 0, ""FM fluctuation"": 0, ""charge density wave"": 0, ""nematic fluctuation"": 0, ""plasmon fluctuation"": 0, ""pure el correlation"": 0, ""spin liquid el correlation"": 0}"
pub.1021269295,,"{""system"":""N/A"",""model"":""N/A"",""pure el-ph coupling"":0,""bipolaron el-ph coupling"":0,""AFM fluctuation"":0,""FM fluctuation"":0,""charge density wave"":0,""nematic fluctuation"":0,""plasmon fluctuation"":0,""pure el correlation"":0,""spin liquid el correlation"":0}"
pub.1052927928,"A Weyl semimetal is a new state of matter that hosts Weyl fermions as emergent quasiparticles. The Weyl fermions correspond to isolated points of bulk band degeneracy, Weyl nodes, which are connected only through the crystal’s boundary by exotic Fermi arcs. The length of the Fermi arc gives a measure of the topological strength, because the only way to destroy the Weyl nodes is to annihilate them in pairs in the reciprocal space. To date, Weyl semimetals are only realized in the TaAs class. Here, we propose a tunable Weyl state in MoxW1−xTe2 where Weyl nodes are formed by touching points between metallic pockets. We show that the Fermi arc length can be changed as a function of Mo concentration, thus tuning the topological strength. Our results provide an experimentally feasible route to realizing Weyl physics in the layered compound MoxW1−xTe2, where non-saturating magneto-resistance and pressure-driven superconductivity have been observed.","{""system"": ""MoxW1−xTe2; Weyl semimetal candidate"", ""model"": ""N/A"", ""pure el-ph coupling"": 0, ""bipolaron el-ph coupling"": 0, ""AFM fluctuation"": 0, ""FM fluctuation"": 0, ""charge density wave"": 0, ""nematic fluctuation"": 0, ""plasmon fluctuation"": 0, ""pure el correlation"": 0, ""spin liquid el correlation"": 0}"
pub.1060593291,"By means of Ru NMR, magnetic properties in three-dimensional (3D) perovskites SrRuO3 (ferromagnet) and CaRuO3 (exchange enhanced paramagnet) were investigated and compared with those in the two-dimensional (2D) layered perovskite Sr2RuO4 (superconductor), RuO2, and Ru metal (Pauli paramagnet). We found that 4d-spin contributions in the Knight shift and 101(1/T1) of Ru are predominant in SrRuO3, CaRuO3, and Sr2RuO4, but not in nonmagnetic RuO2 and Ru metal. The experimental results that a Stoner factor for CaRuO3 is close to 1 and that a correlation factor estimated from modified-Korringa behavior of Ru-T1 is much less than 1 indicate that CaRuO3 is a nearly ferromagnetic (FM) metal dominated by low-frequency and long-wavelength components of the spin fluctuations (SF). Even though the Stoner factor for Sr2RuO4 also indicates the closeness to the ferromagnetism, the SF in Sr2RuO4 are different from those in CaRuO3. The results combined with the previous 17O NMR study in Sr2RuO4 indicate that the in-plane low-frequency components of SF are exchange enhanced without any significant q dependence due to 2D electronic character (2D nearly FM), while the out-of-plane low-frequency component of SF shows the existence of antiferromagnetic (AFM) SF between layers at low temperature. We propose that this evolution from 3D to 2D nearly FM SF is relevant to the onset of spin-triplet superconductivity in Sr2RuO4. The 2D nearly FM SF in the in-plane 4dxy-pπ band may play a significant role for the stabilization of parallel spin pairing state within the basal plane among various representations of spin-triplet order parameter in Sr2RuO4.","{""system"": ""Sr2RuO4, SrRuO3, CaRuO3; ruthenates"", ""model"": ""Ru NMR"", ""pure el-ph coupling"": 0, ""bipolaron el-ph coupling"": 0, ""AFM fluctuation"": 1, ""FM fluctuation"": 5, ""charge density wave"": 0, ""nematic fluctuation"": 0, ""plasmon fluctuation"": 0, ""pure el correlation"": 0, ""spin liquid el correlation"": 0}"
pub.1157670532,"Two-dimensional (2D) nanomaterials have the potential to change the world by providing materials with advanced functional applications. The 2D nanomaterials i.e., graphene and its derivative, graphene nanosheets, graphene nanoplatelets, metal-organic frameworks (MOFs), transition metal dichalcogenides, MXenes, covalent organic frameworks (COFs), hexagonal boron nitride (h-BN), etc. find applications in energy storage devices, hybrid capacitors, supercapacitors, photovoltaic cells, sensors, photoluminescent devices, semiconductors, diodes, transistors, room temperature superconductor, anti-corrosive coating, insulating materials, etc. In this review article, we have focussed on different synthetic approaches, designs, and processing methods of 2D nanomaterials. Different practices for synthesizing 2D nanomaterials like ultrasonic exfoliation, Hummers, chemical vapor deposition, hydrothermal/solvothermal, micromechanical exfoliation, ligand-assisted approach, small molecule mediated synthesis, etc. were discussed. For designing 2D nanomaterials of desired properties, one has better control over the processing method because the properties of nanomaterials vary a lot depending upon their size-to-volume ratio, exfoliation technique, thickness and dimension of the 2D sheet, porous and nonporous character, percentage of organic and inorganic content, etc. Emphases have been made on the effect of surface properties on physical, mechanical, optical, and electrical properties and applications of 2D nanomaterials. A few important applications of 2D nanomaterials were also discussed. This review article is a holistic approach including social, economic, and ecological aspects in the synthesis of 2D nanomaterials and will certainly help in designing fabrication, and application-specific 2D nanomaterials for different nanodevices.","{""system"": ""2D nanomaterials; graphene, TMDs, MXenes, MOFs/COFs, h-BN"", ""model"": ""N/A"", ""pure el-ph coupling"": 0, ""bipolaron el-ph coupling"": 0, ""AFM fluctuation"": 0, ""FM fluctuation"": 0, ""charge density wave"": 0, ""nematic fluctuation"": 0, ""plasmon fluctuation"": 0, ""pure el correlation"": 0, ""spin liquid el correlation"": 0}"
pub.1016609788,"CONSPECTUS: Driving phase changes by selective optical excitation of specific vibrational modes in molecular and condensed phase systems has long been a grand goal for laser science. However, phase control has to date primarily been achieved by using coherent light fields generated by femtosecond pulsed lasers at near-infrared or visible wavelengths. This field is now being advanced by progress in generating intense femtosecond pulses in the mid-infrared, which can be tuned into resonance with infrared-active crystal lattice modes of a solid. Selective vibrational excitation is particularly interesting in complex oxides with strong electronic correlations, where even subtle modulations of the crystallographic structure can lead to colossal changes of the electronic and magnetic properties. In this Account, we summarize recent efforts to control the collective phase state in solids through mode-selective lattice excitation. The key aspect of the underlying physics is the nonlinear coupling of the resonantly driven phonon to other (Raman-active) modes due to lattice anharmonicities, theoretically discussed as ionic Raman scattering in the 1970s. Such nonlinear phononic excitation leads to rectification of a directly excited infrared-active mode and to a net displacement of the crystal along the coordinate of all anharmonically coupled modes. We present the theoretical basis and the experimental demonstration of this phenomenon, using femtosecond optical spectroscopy and ultrafast X-ray diffraction at a free electron laser. The observed nonlinear lattice dynamics is shown to drive electronic and magnetic phase transitions in many complex oxides, including insulator-metal transitions, charge/orbital order melting and magnetic switching in manganites. Furthermore, we show that the selective vibrational excitation can drive high-TC cuprates into a transient structure with enhanced superconductivity. The combination of nonlinear phononics with ultrafast crystallography at X-ray free electron lasers may provide new design rules for the development of materials that exhibit these exotic behaviors also at equilibrium.","{""system"": ""Complex oxides (manganites, high-Tc cuprates)"", ""model"": ""Nonlinear phononics (ionic Raman scattering); ultrafast optical spectroscopy and ultrafast X-ray diffraction"", ""pure el-ph coupling"": 2.0, ""bipolaron el-ph coupling"": 0.0, ""AFM fluctuation"": 0.0, ""FM fluctuation"": 0.0, ""charge density wave"": 0.0, ""nematic fluctuation"": 0.0, ""plasmon fluctuation"": 0.0, ""pure el correlation"": 0.0, ""spin liquid el correlation"": 0.0}"
pub.1057680738,"Superconductivity above 130 K has been achieved in c-axis-oriented HgBa2Ca2Cu3O8+δ thin films. At 5 K, the superconducting critical current density (Jc) of the film is 23 MA/cm2 in the absence of magnetic field and above 2 MA/cm2 in 5 T magnetic field with the field along the c axis. A zero field Jc of 0.5 MA/cm2 is maintained to temperatures over 100 K, which indicates that the mercury-based cuprate thin films are promising for applications of superconducting electronic devices operating at above 100 K.","{""system"": ""HgBa2Ca2Cu3O8+δ; mercury-based cuprate thin films"", ""model"": ""N/A"", ""pure el-ph coupling"": 0, ""bipolaron el-ph coupling"": 0, ""AFM fluctuation"": 0, ""FM fluctuation"": 0, ""charge density wave"": 0, ""nematic fluctuation"": 0, ""plasmon fluctuation"": 0, ""pure el correlation"": 0, ""spin liquid el correlation"": 0}"
pub.1145023505,"High temperature superconducting (HTS) flux pumps can generate ultra-high currents (>1 kA) without the requirement for thermally inefficient room temperature current leads. Ultra-high currents enable physically smaller magnets with significantly less inductance unlocking new design opportunities. However, limited by intrinsically low electrical power efficiencies, existing HTS flux pumps cannot output high voltage or high power. In this work, we design, devise, and experimentally verify a transformer–rectifier type HTS flux pump using Jc(B) switching. We show that the rectification can be achieved by exploiting the HTS E-J relation with the application of DC magnetic fields. A quasi-persistent current of 54.5 A has been achieved at 77 K only limited by the load coil critical current. In addition, the electrical power efficiencies of both half-wave and full-wave flux pump are derived. We illustrate that the fundamental J c(B) mechanism provides significantly higher efficiency than existing HTS flux pumps. This advancement will overthrow the common knowledge that HTS flux pumps could only be used for maintaining rather than fast ramping magnetic fields.","{""system"": ""HTS flux pump; high-temperature superconductors"", ""model"": ""N/A"", ""pure el-ph coupling"": 0, ""bipolaron el-ph coupling"": 0, ""AFM fluctuation"": 0, ""FM fluctuation"": 0, ""charge density wave"": 0, ""nematic fluctuation"": 0, ""plasmon fluctuation"": 0, ""pure el correlation"": 0, ""spin liquid el correlation"": 0}"
pub.1085445133,"Polyethylene glycol (PEG) coated magnetic Fe3O4 nanoparticles with diameters of 12 nm, 15 nm, and 16 nm were synthesized by the usual co-precipitation method. The structure and morphology of the samples were characterized using X-ray diffraction (XRD) and high resolution transmission electron microscopy (HRTEM). The ac magnetic susceptibility measurements were carried out using a vibrating sample magnetometer (VSM). The dc magnetic measurements were carried out using a commercial Quantum Design superconducting quantum interference device (SQUID). The XRD patterns indicated the sole existence of the inverse cubic spinel phase of Fe3O4 in all the samples. The histograms extracted from the TEM images show narrow size distributions with average sizes that are very similar to those obtained from the XRD images using the Scherrer’s formula. The temperature dependence of both coercivity and saturation magnetization, which were determined from the magnetic hysteresis loops, were found to have considerable deviations from the Bloch’s and Kneller’s laws. The size-dependent coercivity and saturation magnetization were found to be non-monotonic at nearly all temperatures. These results are discussed and attributed mainly to the finite size effects in addition to the existence of inter-particle interactions and of spin-glass structures that resulted from frozen canted surface spins at low temperatures.","{""system"": ""Fe3O4 nanoparticles; PEG-coated magnetite"", ""model"": ""N/A"", ""pure el-ph coupling"": 0, ""bipolaron el-ph coupling"": 0, ""AFM fluctuation"": 0, ""FM fluctuation"": 0, ""charge density wave"": 0, ""nematic fluctuation"": 0, ""plasmon fluctuation"": 0, ""pure el correlation"": 0, ""spin liquid el correlation"": 0}"
pub.1055147480,"With the addition of oxygen into the chain-like bismuth sulfide of Bi2S3, there are two interesting functional compounds of Bi2O2S (photoelectric) and Bi4O4S3 (superconducting) containing the PbO-like [Bi2O2] layers. Nanoscale Bi2O2S crystals with an indirect band gap of 1.12 eV are synthesized via a facile hydrothermal method. This semiconductor shows excellent photoelectric response under the irradiation of visible light lamp at room temperature. Theoretical calculations and packing factor model both indicate that the loosely packed Bi2O2S is an excellent photoelectric material. When the Bi2O2S phase was annealed at 500 °C in an evacuated quartz tube, nanocrystals of Bi4O4S3 were obtained. The powder X-ray diffraction and electron microscope analyses (SEM, TEM, EDX) confirmed the thermal decomposition from orthorhombic Bi2O2S to tetragonal Bi4O4S3. The superconducting transition temperature of Bi4O4S3 was observed to be 4.6 K from the temperature-dependence measurements of electrical resistivity and magnetic susceptibility. Our results also provide a new method utilizing thermal decomposition to prepare a new phase without high temperature reaction. ","{""system"": ""Bi2O2S (semiconductor) and Bi4O4S3 (superconductor); bismuth oxysulfides"", ""model"": ""packing factor model; theoretical calculations"", ""pure el-ph coupling"": 0, ""bipolaron el-ph coupling"": 0, ""AFM fluctuation"": 0, ""FM fluctuation"": 0, ""charge density wave"": 0, ""nematic fluctuation"": 0, ""plasmon fluctuation"": 0, ""pure el correlation"": 0, ""spin liquid el correlation"": 0}"
pub.1030436107,"The violation of Bell inequalities with two entangled and spatially separated quantum two-level systems (TLSs) is often considered as the most prominent demonstration that nature does not obey local realism. Under different but related assumptions of macrorealism—which macroscopic systems plausibly fulfil—Leggett and Garg derived a similar inequality for a single degree of freedom undergoing coherent oscillations and being measured at successive times. Here, we test such a ‘Bell’s inequality in time’, which should be violated by a quantum TLS. Our TLS is a superconducting quantum circuit in which Rabi oscillations are continuously driven while it is continuously and weakly measured. The time correlations present at the detector output agree with quantum-mechanical predictions and violate the Leggett–Garg inequality by five standard deviations.","{""system"": ""superconducting quantum circuit; two-level system (qubit)"", ""model"": ""N/A"", ""pure el-ph coupling"": 0, ""bipolaron el-ph coupling"": 0, ""AFM fluctuation"": 0, ""FM fluctuation"": 0, ""charge density wave"": 0, ""nematic fluctuation"": 0, ""plasmon fluctuation"": 0, ""pure el correlation"": 0, ""spin liquid el correlation"": 0}"
pub.1060825048,"We performed the single-crystal 13C NMR studies on a quasi-two-dimensional system, deuterated kappa-(BEDT-TTF)2Cu[N(CN)(2)]Br, which is just on the border of the Mott transition. The NMR spectra are separated into two parts coming from the metallic (superconducting) and insulating phases due to the phase separation at low temperature. The examination of the separated spectra revealed that the Mott transition in this system is characterized by the first-order transition between the pseudogapped superconductor and the simplest commensurate antiferromagnet with a moment of 0.26 mu(B)/dimer.","{""system"": ""deuterated kappa-(BEDT-TTF)2Cu[N(CN)2]Br; organic superconductor near Mott transition"", ""model"": ""N/A"", ""pure el-ph coupling"": 0, ""bipolaron el-ph coupling"": 0, ""AFM fluctuation"": 3, ""FM fluctuation"": 0, ""charge density wave"": 0, ""nematic fluctuation"": 0, ""plasmon fluctuation"": 0, ""pure el correlation"": 2, ""spin liquid el correlation"": 0}"
pub.1034854319,The local atomic structure of the new nonmagnetic superconducting system LaO1−xFxBiS2 is investigated using neutron diffraction and the pair density function analysis. Evidence for local charge fluctuations linked to a charge disproportionation of the Bi ions in the distorted lattice of superconducting LaO1−xFxBiS2 is presented. In-plane short-range distortions of sulfur atoms up to 0.3 Å in magnitude break site symmetry and create two distinct environments around Bi. Out-of-plane motion of apical sulfur brings it closer to the La-O/F doping layer with increasing x that may lead to a charge transfer conduit between the doping layers and the superconducting BiS2 planes. The mechanism for superconductivity may arise from the interplay between charge density fluctuations and an enhanced spin-orbit coupling suggested theoretically that induces spin polarization.,"{""system"": ""LaO1−xFxBiS2; BiS2-based superconductor"", ""model"": ""neutron diffraction; pair distribution function (PDF) analysis"", ""pure el-ph coupling"": 0, ""bipolaron el-ph coupling"": 0, ""AFM fluctuation"": 0, ""FM fluctuation"": 0, ""charge density wave"": 4, ""nematic fluctuation"": 0, ""plasmon fluctuation"": 0, ""pure el correlation"": 0, ""spin liquid el correlation"": 0}"
pub.1060546635,"Conversion-electron Mössbauer spectroscopy and superconducting quantum interference device magnetometry have been used to measure the magnetic hyperfine field and the spontaneous magnetization of ultrathin Fe(110) films grown epitaxially on Ag(111) substrate films as a function of temperature. For the first time, hyperfine-field data with monolayer resolution and magnetization data are obtained from the same sample consisting of four Fe(110) atomic layers. A comparison of the present results to previous experiments and theories leads to the following conclusions: (1) the ground-state hyperfine field at the Fe(110)/Ag(111) interface is enhanced relative to bulk in agreement with other experiments, but in disagreement with recent band calculations; this discrepancy may be explained by considering dipolar field contributions at the interface; (2) the relative spin deviation from saturation (T=0) measured by the hyperfine field is the same as measured by the spontaneous magnetization for the interface atoms as well as for the center of the film; (3) the spin deviation, ΔM(T), is well described by a T3/2 law in all layers of an ultrathin Fe film; hence, a linear M-T relation is not a characteristic feature of a two-dimensional ferromagnet, as often quoted in the literature; (4) ultrathin Fe films show pronounced surface and size effects of the thermally excited spin deviation; no theory exists at present which includes layer-dependent ground-state moments, surface and bulk spin waves; and (5) the spin-wave parameter, B, differs in different experiments for similar film systems. It is suggested that the structure and roughness of the interface in real films play an important role.","{""system"": ""Ultrathin Fe(110) films on Ag(111) substrate"", ""model"": ""N/A"", ""pure el-ph coupling"": 0, ""bipolaron el-ph coupling"": 0, ""AFM fluctuation"": 0, ""FM fluctuation"": 0, ""charge density wave"": 0, ""nematic fluctuation"": 0, ""plasmon fluctuation"": 0, ""pure el correlation"": 0, ""spin liquid el correlation"": 0}"
pub.1061196893,"An improved automatic generation control (AGC) system employing self-tuning adaptive control for the main AGC loop and the superconducting magnetic energy storage system (SMES) is presented. Computer simulations on a two-area interconnected power system showed that the proposed adaptive control scheme was very effective in damping, oscillations caused by load disturbances and its performance was quite insensitive to controller gain parameter changes of the SMES system. A performance evaluation of control schemes using adaptive and nonadaptive controllers in the main AGC and in the SMES control loops is presented. The improvement in performance resulting from the adaptive scheme was particularly pronounced for load changes of random magnitude and duration.<>","{""system"":""N/A"",""model"":""N/A"",""pure el-ph coupling"":0,""bipolaron el-ph coupling"":0,""AFM fluctuation"":0,""FM fluctuation"":0,""charge density wave"":0,""nematic fluctuation"":0,""plasmon fluctuation"":0,""pure el correlation"":0,""spin liquid el correlation"":0}"
pub.1060557337,"A simple theoretical model is proposed for the reversible magnetization of type-II superconductors as a function of the applied field H for the entire field region between Hc1 and Hc2. For H≃Hc1, the theory reduces to a variational model, from which Hc1 can be accurately computed in the Ginzburg-Landau regime. In calculating the free energy, we include, in addition to the supercurrent kinetic energy and the magnetic-field energy, the kinetic-energy and the condensation-energy terms arising from suppression of the order parameter in the vortex core. The model is further extended to include anisotropy by introducing an effective-mass tensor for the case when H is parallel to one of the principal axes. The theory is compared to reversible-magnetization data on a YBa2Cu3O7 single crystal. The method permits an accurate determination of Hc2 versus temperature from measurements of the magnetization versus temperature at fixed magnetic field and explains why the measurements have different slopes in different fields, contrary to what might have been expected from the linear Abrikosov formula near Hc2. The deduced dHc2/dT is (-1.65±0.23) T/K for H parallel to the c axis near Tc, implying ξab(0)=(17±1) Å.","{""system"": ""YBa2Cu3O7; cuprate superconductor"", ""model"": ""Ginzburg-Landau theory; variational model; anisotropic effective-mass"", ""pure el-ph coupling"": 0, ""bipolaron el-ph coupling"": 0, ""AFM fluctuation"": 0, ""FM fluctuation"": 0, ""charge density wave"": 0, ""nematic fluctuation"": 0, ""plasmon fluctuation"": 0, ""pure el correlation"": 0, ""spin liquid el correlation"": 0}"
pub.1050602337,"Magnetic studies of flux creep in high temperature superconductors show many features unexpected in the conventional Anderson-Kim theory, which assumes a thermal activation mechanism and uncorrelated motion of vortex bundles. An alternative phenomenology is provided by the more recent collective pinning theories. Experiments probing this new phenomenology are reviewed, including long-time relaxation, flux-creep annealing and studies near Tc.","{""system"": ""High-Tc superconductors"", ""model"": ""Collective pinning theory; Anderson–Kim model"", ""pure el-ph coupling"": 0, ""bipolaron el-ph coupling"": 0, ""AFM fluctuation"": 0, ""FM fluctuation"": 0, ""charge density wave"": 0, ""nematic fluctuation"": 0, ""plasmon fluctuation"": 0, ""pure el correlation"": 0, ""spin liquid el correlation"": 0}"
pub.1036140196,"Using a custom-made dc superconducting quantum interference device (dc-SQUID) magnetometer, we have measured the time relaxation of the remanent magnetization Mrem of a Bi2Sr2CaCu2O8+δ single crystal from the fully critical state for temperatures 13 K<~T<~83 K. The measurements cover a time window of seven decades 10-2 s≲t≲105 s, so that the current density j can be studied from values very close to jc down to values considerably smaller than jc. From the data we have obtained (i) the flux-creep activation barriers U as a function of current density j, (ii) the current-voltage characteristics E(j) in a typical range of 10-7-10-15 V/cm, and (iii) the critical current density jc(0) at T=0. Three different regimes of vortex dynamics are observed: For temperatures T≲20 K the activation barrier U(j) is logarithmic, no unique functional dependence U(j) could be found for the intermediate-temperature interval 20 K≲T≲40 K, and finally for T≳40 K the activation barrier U(j) follows a power-law behavior with an exponent μ≃0.6. From the analysis of the data within the weak collective pinning theory for strongly layered superconductors, it is argued that for temperatures T≲20 K pancake vortices are pinned individually, while for temperatures T≳40 K pinning involves large collectively pinned vortex bundles. A description of the vortex dynamics in the intermediate-temperature interval 20 K≲T≲40 K is given on the basis of a qualitative low-field phase diagram of the vortex state in Bi2Sr2CaCu2O8+δ. Within this description a second peak in the magnetization loop should occur for temperatures between 20 and 40 K, as has been observed in several magnetization measurements in the literature.","{""system"": ""Bi2Sr2CaCu2O8+δ; cuprate"", ""model"": ""weak collective pinning theory"", ""pure el-ph coupling"": 0, ""bipolaron el-ph coupling"": 0, ""AFM fluctuation"": 0, ""FM fluctuation"": 0, ""charge density wave"": 0, ""nematic fluctuation"": 0, ""plasmon fluctuation"": 0, ""pure el correlation"": 0, ""spin liquid el correlation"": 0}"
pub.1060556044,"We analyze the frequency-dependent photoinduced infrared conductivity, σP(ω), obtained from photoinduced absorption measurements of the insulators Tl2Ba2Ca0.98Gd0.02Cu2O8, YBa2Cu3O6.3, and La2CuO4 in terms of σPT(ω) calculated from nonadiabatic polaron-transport theory. The calculated σPT(ω) is in good agreement with the experimental σP(ω) in the midinfrared. We also compare σP(ω) with the infrared conductivity, σ(ω), of the high-Tc superconductors Tl2Ba2CaCu2O8, YBa2Cu3O7, and La1.85Sr0.15CuO4. The similar spectral shape and systematic trends in both σP(ω) and σ(ω) indicate that the carriers in the concentrated (metallic) regime retain much of the character of the carriers in the dilute (photoexcited) regime. Together, these results imply that in the superconducting cuprates and in their ‘‘parent’’ insulators, the carriers are polarons dressed with a phonon polarization cloud.","{""system"": ""Cuprates (Tl2Ba2CaCu2O8, YBa2Cu3O7, La2CuO4/La1.85Sr0.15CuO4)"", ""model"": ""nonadiabatic polaron transport theory"", ""pure el-ph coupling"": 3, ""bipolaron el-ph coupling"": 0, ""AFM fluctuation"": 0, ""FM fluctuation"": 0, ""charge density wave"": 0, ""nematic fluctuation"": 0, ""plasmon fluctuation"": 0, ""pure el correlation"": 0, ""spin liquid el correlation"": 0}"
pub.1154343973,"The development of modern science and technology requires high magnetic fields exceeding 25T. Second-generation high-temperature superconducting wires, i.e. REBCO (REBa<sub>2</sub>Cu<sub>3</sub>O<sub>7</sub>-x, RE refers to Y, Gd, Dy, Eu and other rare-earth elements) coated conductors (CCs), have become the first choice for high-field magnet construction because of their high irreversible magnetic field. The mechanical stresses caused by manufacturing, thermal mismatch and Lorenz forces closely influence electromagnetic performance during operation for REBCO CCs. In addition, the recently studied screen currents have effects on the mechanical characteristics of high-field REBCO magnets. In this review, the experimental and main theoretical works on critical current degradation, delamination and fatigue, and shear investigations on REBCO CCs, are reviewed at first. Then, research progress on the screening-current effect in the development of high-field superconducting magnets is introduced. Finally, the key mechanical problems facing the future development of high-field magnets based on REBCO CCs are prospected.","{""system"": ""REBCO coated conductors; high-field HTS magnets"", ""model"": ""N/A"", ""pure el-ph coupling"": 0, ""bipolaron el-ph coupling"": 0, ""AFM fluctuation"": 0, ""FM fluctuation"": 0, ""charge density wave"": 0, ""nematic fluctuation"": 0, ""plasmon fluctuation"": 0, ""pure el correlation"": 0, ""spin liquid el correlation"": 0}"
pub.1000072260,"In conventional BCS superconductors, the quantum condensation of superconducting electron pairs is understood as a Fermi surface instability, in which the low-energy electrons are paired by attractive interactions. Whether this explanation is still valid in high-Tc superconductors such as cuprates and iron-based superconductors remains an open question. In particular, a fundamentally different picture of the electron pairs, which are believed to be formed locally by repulsive interactions, may prevail. Here we report a high-resolution angle-resolved photoemission spectroscopy study on LiFe1−xCoxAs. We reveal a large and robust superconducting gap on a band sinking below the Fermi level on Co substitution. The observed Fermi-surface-free superconducting order is also the largest over the momentum space, which rules out a proximity effect origin and indicates that the order parameter is not tied to the Fermi surface as a result of a surface instability.","{""system"": ""LiFe1−xCoxAs; Fe-based superconductor"", ""model"": ""Angle-resolved photoemission spectroscopy (ARPES)"", ""pure el-ph coupling"": 0.0, ""bipolaron el-ph coupling"": 0.0, ""AFM fluctuation"": 0.0, ""FM fluctuation"": 0.0, ""charge density wave"": 0.0, ""nematic fluctuation"": 0.0, ""plasmon fluctuation"": 0.0, ""pure el correlation"": 3.0, ""spin liquid el correlation"": 0.0}"
pub.1136992055,"In condensed-matter systems, higher temperatures typically disfavour ordered phases, leading to an upper critical temperature for magnetism, superconductivity and other phenomena. An exception is the Pomeranchuk effect in 3He, in which the liquid ground state freezes upon increasing the temperature1, owing to the large entropy of the paramagnetic solid phase. Here we show that a similar mechanism describes the finite-temperature dynamics of spin and valley isospins in magic-angle twisted bilayer graphene2. Notably, a resistivity peak appears at high temperatures near a superlattice filling factor of −1, despite no signs of a commensurate correlated phase appearing in the low-temperature limit. Tilted-field magnetotransport and thermodynamic measurements of the in-plane magnetic moment show that the resistivity peak is connected to a finite-field magnetic phase transition3 at which the system develops finite isospin polarization. These data are suggestive of a Pomeranchuk-type mechanism, in which the entropy of disordered isospin moments in the ferromagnetic phase stabilizes the phase relative to an isospin-unpolarized Fermi liquid phase at higher temperatures. We find the entropy, in units of Boltzmann’s constant, to be of the order of unity per unit cell area, with a measurable fraction that is suppressed by an in-plane magnetic field consistent with a contribution from disordered spins. In contrast to 3He, however, no discontinuities are observed in the thermodynamic quantities across this transition. Our findings imply a small isospin stiffness4,5, with implications for the nature of finite-temperature electron transport6–8, as well as for the mechanisms underlying isospin ordering and superconductivity9,10 in twisted bilayer graphene and related systems.","{""system"": ""magic-angle twisted bilayer graphene"", ""model"": ""N/A"", ""pure el-ph coupling"": 0, ""bipolaron el-ph coupling"": 0, ""AFM fluctuation"": 0, ""FM fluctuation"": 0, ""charge density wave"": 0, ""nematic fluctuation"": 0, ""plasmon fluctuation"": 0, ""pure el correlation"": 0, ""spin liquid el correlation"": 0}"
pub.1049851148,"We report the ferromagnetism with Cure temperature Tc at 230 K in a new diluted magnetic semiconductor (DMS) (Ba0.7K0.3)(Zn0.85Mn0.15)2As2 isostructural to ferropnictide 122 superconductors synthesized via low temperature sintering. Spin is doped by isovalence substitution of Mn2+for Zn2+, while charge is introduced by heterovalence substitution of K1+ for Ba2+ in (Ba0.7K0.3)(Zn0.85Mn0.15)2As2 DMS, being different from (Ga,Mn)As where both spin & charge are induced simultaneously by heterovalence substation of Mn2+ for Ga3+. The (Ba0.7K0.3)(Zn0.85Mn0.15)2As2 DMS shows spontaneous magnetization following T3/2 dependence expected for a homogeneous ferromagnet with saturation moment 1.0μB for each Mn atom.","{""system"": ""(Ba0.7K0.3)(Zn0.85Mn0.15)2As2; diluted magnetic semiconductor"", ""model"": ""N/A"", ""pure el-ph coupling"": 0, ""bipolaron el-ph coupling"": 0, ""AFM fluctuation"": 0, ""FM fluctuation"": 0, ""charge density wave"": 0, ""nematic fluctuation"": 0, ""plasmon fluctuation"": 0, ""pure el correlation"": 0, ""spin liquid el correlation"": 0}"
pub.1060629323,"We discuss the connection between phonon anomalies and high superconducting temperature Tc in transition metals and their carbides, based on strong-coupling theory. Using the previously developed model theory for the lattice dynamics of these materials, we investigate the dependence on the phonon frequencies ω of the electron-phonon coupling constant λ, which essentially determines Tc. We find that the variation of the moment 〈 ω2 〉 caused by the anomalies is not enough to explain the variation of λ. This result is interpreted by assuming that the electron-phonon matrix elements which enter for λ are determined not only by a p-d contact term but also rather strongly by d-d overlap interaction.","{""system"": ""transition metals and their carbides"", ""model"": ""strong-coupling Eliashberg theory; lattice-dynamics model"", ""pure el-ph coupling"": 5, ""bipolaron el-ph coupling"": 0, ""AFM fluctuation"": 0, ""FM fluctuation"": 0, ""charge density wave"": 0, ""nematic fluctuation"": 0, ""plasmon fluctuation"": 0, ""pure el correlation"": 0, ""spin liquid el correlation"": 0}"
pub.1101547463,"Magnetic impurities have a dramatic effect on superconductivity by breaking the time-reversal symmetry and inducing so-called Yu-Shiba-Rusinov (YSR) low energy bound states within the superconducting gap. The spatial extent of YSR states is greatly enhanced in two-dimensional (2D) systems, which should facilitate the formation of coupled states. Here, we observe YSR states on single cobalt phthalocyanine (CoPC) molecules on a 2D superconductor NbSe<sub>2</sub> using low-temperature scanning tunneling microscopy (STM) and spectroscopy. We use STM lateral manipulation to create controlled CoPc dimers and demonstrate the formation of coupled YSR states. The experimental results are corroborated by theoretical analysis of the coupled states in lattice and continuum models.","{""system"": ""CoPc on NbSe2; 2D superconductor"", ""model"": ""STM/STS; lattice and continuum models"", ""pure el-ph coupling"": 0, ""bipolaron el-ph coupling"": 0, ""AFM fluctuation"": 0, ""FM fluctuation"": 0, ""charge density wave"": 0, ""nematic fluctuation"": 0, ""plasmon fluctuation"": 0, ""pure el correlation"": 0, ""spin liquid el correlation"": 0}"
pub.1026717985,"Crucial to the successful development of a theoretical model for high-temperature superconductivity is knowledge of the symmetry of the order parameter (or wavefunction) that describes the pairing of electrons in the superconducting state. Several experimental studies1–8provide convincing evidence for an anisotropic order parameter, consistent with a dx2–y2 symmetry. But none of these earlier experiments could rule out unambiguously an additional contribution from isotropic s-wave pairing; these experiments either involved superconductors with an orthorhombic crystal structure (for which a mixed s + d state is becoming increasingly recognized as a likely consequence9,10), or their interpretation required detailed modelling of the uncertain effects of disorder and defects. Here we report the results of an experiment designed to circumvent these difficulties: the material studied is the single-layer tetragonal superconductor Tl2Ba2CuO6+δ, and the experimental configuration is such that the interpretation of the results relies solely on symmetry considerations. Our results indicate that this material has pure dx2–y2 pairing symmetry, so providing a starting point for understanding the more complex mixed s + d state that appears to characterize other high-temperature superconductors.","{""system"": ""Tl2Ba2CuO6+δ; cuprate"", ""model"": ""N/A"", ""pure el-ph coupling"": 0, ""bipolaron el-ph coupling"": 0, ""AFM fluctuation"": 0, ""FM fluctuation"": 0, ""charge density wave"": 0, ""nematic fluctuation"": 0, ""plasmon fluctuation"": 0, ""pure el correlation"": 0, ""spin liquid el correlation"": 0}"
pub.1083739280,"The observation of replica bands in single-unit-cell FeSe on SrTiO3 (STO)(001) by angle-resolved photoemission spectroscopy (ARPES) has led to the conjecture that the coupling between FeSe electrons and the STO phonons are responsible for the enhancement of Tc over other FeSe-based superconductors. However the recent observation of a similar superconducting gap in single-unit-cell FeSe/STO(110) raised the question of whether a similar mechanism applies. Here we report the ARPES study of the electronic structure of FeSe/STO(110). Similar to the results in FeSe/STO(001), clear replica bands are observed. We also present a comparative study of STO(001) and STO(110) bare surfaces, and observe similar replica bands separated by approximately the same energy, indicating this coupling is a generic feature of the STO surfaces and interfaces. Our findings suggest that the large superconducting gaps observed in FeSe films grown on different STO surface terminations are likely enhanced by a common mechanism.","{""system"": ""Single-unit-cell FeSe on SrTiO3 (001) and (110)"", ""model"": ""Angle-resolved photoemission spectroscopy (ARPES)"", ""pure el-ph coupling"": 5, ""bipolaron el-ph coupling"": 0, ""AFM fluctuation"": 0, ""FM fluctuation"": 0, ""charge density wave"": 0, ""nematic fluctuation"": 0, ""plasmon fluctuation"": 0, ""pure el correlation"": 0, ""spin liquid el correlation"": 0}"
pub.1144369358,"The search for artificial topological superconductivity has been limited by the stringent conditions required for its emergence. As exemplified by the recent discoveries of various correlated electronic states in twisted van der Waals materials, moiré patterns can act as a powerful knob to create artificial electronic structures. Here, we demonstrate that a moiré pattern between a van der Waals superconductor and a monolayer ferromagnet creates a periodic potential modulation that enables the realization of a topological superconducting state that would not be accessible in the absence of the moiré. The magnetic moiré pattern gives rise to Yu-Shiba-Rusinov minibands and periodic modulation of the Majorana edge modes that we detect using low-temperature scanning tunneling microscopy (STM) and spectroscopy (STS). Moiré patterns and, more broadly, periodic potential modulations are powerful tools to overcome the conventional constraints for realizing and controlling topological superconductivity.","{""system"": ""vdW superconductor/monolayer ferromagnet moiré heterostructure"", ""model"": ""N/A"", ""pure el-ph coupling"": 0, ""bipolaron el-ph coupling"": 0, ""AFM fluctuation"": 0, ""FM fluctuation"": 0, ""charge density wave"": 0, ""nematic fluctuation"": 0, ""plasmon fluctuation"": 0, ""pure el correlation"": 0, ""spin liquid el correlation"": 0}"
pub.1147659322,"In this paper, general considerations for selecting a cryogenic cooling system for superconducting machine in different applications were explained with respect to the design, operation, and condition monitoring constraints. These considerations are explained so that they help electric machine engineers and designers to get familiar with cryogenic aspects of selecting and using cryogenic cooling system of superconducting machines. In fact, the main questions are: what are the important factors that one should take into account when selecting a cooling system for a superconducting machine application? Also, which one of these factors could later affect the performance of the cooling system so that it can efficiently cope with the expected heat load withoutfacing a thermal breakdown? To adress these questions, common cooling system structures, different cryogenic fluids, the associated parameters with the value of heat loads, and safety margins were discussed to help the machine engineers to choose the most appropriate cryogenic cooling system that adjusts better with their superconducting machine and the specific considerations that they might have. Some considerations regarding the auxiliary devices such as heat exchangers and pumps, were explained as the next priority in selecting a cooling system. Special challenges and considerations imposed to the cooling systems of superconducting machines in aerospace applications such as electric- and hydrogen-powered aircraft, naval applications, and wind energy application were also discussed. Although all of these applications share similar concerns like weight, cost, and specific mass of cooling systems, each one of them have their specific concerns and constraints which come with higher priority.","{""system"": ""Superconducting machines; cryogenic cooling systems"", ""model"": ""N/A"", ""pure el-ph coupling"": 0, ""bipolaron el-ph coupling"": 0, ""AFM fluctuation"": 0, ""FM fluctuation"": 0, ""charge density wave"": 0, ""nematic fluctuation"": 0, ""plasmon fluctuation"": 0, ""pure el correlation"": 0, ""spin liquid el correlation"": 0}"
pub.1182835150,"Density wave (DW) order is believed to be correlated with superconductivity in the recently discovered high-temperature superconductor La3Ni2O7. However, experimental investigations of its evolution under high pressure are still lacking. Here, we explore the quasiparticle dynamics in bilayer nickelate La3Ni2O7 single crystals using ultrafast optical pump-probe spectroscopy under high pressures up to 34.2 GPa. At ambient pressure, the temperature-dependent relaxation dynamics demonstrate a phonon bottleneck effect due to the opening of an energy gap around 151 K. The energy scale of the DW-like gap is determined to be 66 meV by the Rothwarf-Taylor model. Combined with recent experiential results, we propose that this DW-like transition at ambient pressure and low temperature is spin density wave (SDW). With increasing pressure, this SDW order is significantly suppressed up to 13.3 GPa before it completely disappears around 26 GPa. Remarkably, at pressures above 29.4 GPa, we observe the emergence of another DW-like order with a transition temperature of approximately 135 K, which is probably related to the predicted charge density wave (CDW) order. Our study provides the experimental evidences of the evolution of the DW-like gap under high pressure, offering critical insights into the correlation between DW order and superconductivity in La3Ni2O7.","{""system"": ""La3Ni2O7; bilayer nickelate under high pressure"", ""model"": ""Ultrafast optical pump-probe spectroscopy; Rothwarf–Taylor model"", ""pure el-ph coupling"": 0, ""bipolaron el-ph coupling"": 0, ""AFM fluctuation"": 3, ""FM fluctuation"": 0, ""charge density wave"": 4, ""nematic fluctuation"": 0, ""plasmon fluctuation"": 0, ""pure el correlation"": 0, ""spin liquid el correlation"": 0}"
pub.1060786245,"It is shown that under certain conditions a superconductor with spin fluctuations (paramagnons) exhibits the same tunneling characteristics and thermodynamic properties as a superconductor with no paramagnons having the same electron-phonon interaction but scaled down, and an increased effective Coulomb interaction. The condition is that the paramagnon frequency be much higher than any phonon frequency. The effective anisotropy in the electron-phonon interaction is also shown to increase.","{""system"": ""N/A"", ""model"": ""Eliashberg theory with paramagnon spin fluctuations"", ""pure el-ph coupling"": 2, ""bipolaron el-ph coupling"": 0, ""AFM fluctuation"": 0, ""FM fluctuation"": 0, ""charge density wave"": 0, ""nematic fluctuation"": 0, ""plasmon fluctuation"": 0, ""pure el correlation"": 0, ""spin liquid el correlation"": 0}"
pub.1029405800,"
                    Whether a quantum critical point (QCP) lies beneath the superconducting dome has been a long-standing issue that remains unresolved in many classes of unconventional superconductors, notably cuprates, heavy fermions, and, most recently, iron pnictides. The existence of a QCP may offer a route to understanding the origin of unconventional superconductors’ anomalous non-Fermi liquid properties, the microscopic coexistence between unconventional superconductivity and magnetic or some other exotic order, and, ultimately, the mechanism of superconductivity itself. The isovalent substituted iron pnictide BaFe
                    2
                    (As
                    1−x
                    P
                    x
                    )
                    2
                    offers a new platform for the study of quantum criticality, providing a unique opportunity to study the evolution of the electronic properties in a wide range of the phase diagram. Recent experiments in BaFe
                    2
                    (As
                    1−x
                    P
                    x
                    )
                    2
                    have provided the first clear and unambiguous evidence of a second-order quantum phase transition lying beneath the superconducting dome.
                  ","{""system"": ""BaFe2(As1−xPx)2; Fe-based superconductor"", ""model"": ""N/A"", ""pure el-ph coupling"": 0, ""bipolaron el-ph coupling"": 0, ""AFM fluctuation"": 0, ""FM fluctuation"": 0, ""charge density wave"": 0, ""nematic fluctuation"": 0, ""plasmon fluctuation"": 0, ""pure el correlation"": 0, ""spin liquid el correlation"": 0}"
pub.1010483000,"In this paper, Ni-doped ZnO (Zn1−xNixO, in which 0 ≤ x ≤ 0.05) diluted magnetic semiconductors nanoparticles are prepared by an ultrasonic assisted sol–gel process. Transmission electron microscopy shows sphere-like nanoparticles with an average size of about 25 nm. From the analysis of X-ray diffraction, the Ni-doped ZnO nanoparticles are identified to be a wurtzite structure, but impurity phases are observed when the Ni content x reaches 0.05. Sample structures are further studied by Raman spectra, from which a broad and strong Raman band in the range of 500–600 cm−1 is observed in Zn1−xNixO. With the increment of x, wurtzite structures degrade gradually. The magnetic properties are measured using superconducting quantum interference device at room temperature; the Zn1−xNixO (x ≤ 0.02) nanoparticles show ferromagnetism. However, for the sample of Zn0.95Ni0.05O, paramagnetism is observed, which may be ascribed to ferromagnetic–antiferromagnetic competition.","{""system"": ""Zn1−xNixO; Ni-doped ZnO diluted magnetic semiconductor nanoparticles"", ""model"": ""N/A"", ""pure el-ph coupling"": 0, ""bipolaron el-ph coupling"": 0, ""AFM fluctuation"": 0, ""FM fluctuation"": 0, ""charge density wave"": 0, ""nematic fluctuation"": 0, ""plasmon fluctuation"": 0, ""pure el correlation"": 0, ""spin liquid el correlation"": 0}"
pub.1043660958,"Using angle-resolved photoemission spectroscopy, we report on the direct observation of the energy gap in 2H-NbSe2 caused by the charge-density waves (CDW). The gap opens in the regions of the momentum space connected by the CDW vectors, which implies a nesting mechanism of CDW formation. In remarkable analogy with the pseudogap in cuprates, the detected energy gap also exists in the normal state (T>T0) where it breaks the Fermi surface into ""arcs,"" it is nonmonotonic as a function of temperature with a local minimum at the CDW transition temperature (T0), and it forestalls the superconducting gap by excluding the nested portions of the Fermi surface from participating in superconductivity.","{""system"": ""2H-NbSe2; transition metal dichalcogenide"", ""model"": ""N/A"", ""pure el-ph coupling"": 0, ""bipolaron el-ph coupling"": 0, ""AFM fluctuation"": 0, ""FM fluctuation"": 0, ""charge density wave"": 1, ""nematic fluctuation"": 0, ""plasmon fluctuation"": 0, ""pure el correlation"": 0, ""spin liquid el correlation"": 0}"
pub.1060699465,"An order-αs calculation of pp(-)→W-W++X is presented. Results are given for the total cross section and differential distributions for Fermilab Tevatron, CERN LHC, and Superconducting SuperCollider energies. The calculation utilizes a combination of analytic and Monte Carlo integration methods which makes it easy to calculate a variety of observables and to impose experimental cuts.","{""system"": ""N/A"", ""model"": ""N/A"", ""pure el-ph coupling"": 0, ""bipolaron el-ph coupling"": 0, ""AFM fluctuation"": 0, ""FM fluctuation"": 0, ""charge density wave"": 0, ""nematic fluctuation"": 0, ""plasmon fluctuation"": 0, ""pure el correlation"": 0, ""spin liquid el correlation"": 0}"
pub.1024375078,"This review paper illustrates the main normal and superconducting state properties of magnesium diboride, a material known since the early 1950s but only recently discovered to be superconductive at a remarkably high critical temperature Tc  =  40 K for a binary compound. What makes MgB2 so special? Its high Tc, simple crystal structure, large coherence lengths, high critical current densities and fields, and transparency of grain boundaries to current promise that MgB2 will be a good material for both large-scale applications and electronic devices. During the last seven months, MgB2 has been fabricated in various forms: bulk, single crystals, thin films, tapes and wires. The largest critical current densities, greater than 10 MA cm−2, and critical fields, 40 T, are achieved for thin films. The anisotropy ratio inferred from upper critical field measurements is yet to be resolved as a wide range of values have been reported, γ  =  1.2–9. Also, there is no consensus on the existence of a single anisotropic or double energy gap. One central issue is whether or not MgB2 represents a new class of superconductors, which is the tip of an iceberg awaiting to be discovered. To date MgB2 holds the record for the highest Tc among simple binary compounds. However, the discovery of superconductivity in MgB2 revived the interest in non-oxides and initiated a search for superconductivity in related materialss; several compounds have since been announced to be superconductive: TaB2, BeB2.75, C–S composites, and the elemental B under pressure.","{""system"": ""MgB2; magnesium diboride"", ""model"": ""N/A"", ""pure el-ph coupling"": 0, ""bipolaron el-ph coupling"": 0, ""AFM fluctuation"": 0, ""FM fluctuation"": 0, ""charge density wave"": 0, ""nematic fluctuation"": 0, ""plasmon fluctuation"": 0, ""pure el correlation"": 0, ""spin liquid el correlation"": 0}"
pub.1121400800,"When the continuous symmetry of a physical system is spontaneously broken, two types of collective modes typically emerge: the amplitude and the phase modes of the order-parameter fluctuation. For superconductors, the amplitude mode is referred to most recently as the Higgs mode as it is a condensed-matter analog of a Higgs boson in particle physics. Higgs mode is a scalar excitation of the order parameter, distinct from charge or spin fluctuations, and thus does not couple to electromagnetic fields linearly. This is why the Higgs mode in superconductors has evaded experimental observations for over a half century after the initial theoretical prediction, except for a charge-density-wave coexisting system. With the advance of nonlinear and time-resolved terahertz spectroscopy techniques, however, it has become possible to study the Higgs mode through the nonlinear light–Higgs coupling. In this review, we overview recent progress in the study of the Higgs mode in superconductors.","{""system"": ""Superconductors (general); Higgs mode"", ""model"": ""N/A"", ""pure el-ph coupling"": 0, ""bipolaron el-ph coupling"": 0, ""AFM fluctuation"": 0, ""FM fluctuation"": 0, ""charge density wave"": 0, ""nematic fluctuation"": 0, ""plasmon fluctuation"": 0, ""pure el correlation"": 0, ""spin liquid el correlation"": 0}"
pub.1084125976,"Since interface superconductivity was discovered at the interface between two insulating layers LaAlO<sub>3</sub> and SrTiO<sub>3</sub>, such interface-induced superconducting systems have been a research hotspot in superconductivity. Here, we report homogeneous interfaces formed by stacking chemically exfoliated monolayer TaS<sub>2</sub> nanosheets randomly. Enhanced superconductivity of T<sub>c</sub> = 3 K is observed, compared with 0.8 K of parent 2H-TaS<sub>2</sub>. The measurement of heat capacity shows the increase of electronic specific-heat coefficient γ of restacked TaS<sub>2</sub> nanosheets compared to parent 2H-TaS<sub>2</sub> crystals. Density functional theory calculations indicate that increase and delocalization of electron states near the Fermi surface due to the homogeneous interfaces effects could account for the enhanced superconductivity.","{""system"": ""Restacked monolayer TaS2 nanosheets; 2H-TaS2 (transition metal dichalcogenide)"", ""model"": ""Density functional theory"", ""pure el-ph coupling"": 1, ""bipolaron el-ph coupling"": 0, ""AFM fluctuation"": 0, ""FM fluctuation"": 0, ""charge density wave"": 0, ""nematic fluctuation"": 0, ""plasmon fluctuation"": 0, ""pure el correlation"": 0, ""spin liquid el correlation"": 0}"
pub.1036864469,"The development of sensible microscopic models is essential to elucidate the normal-state and superconducting properties of the iron-based superconductors. Because these materials are mostly metallic, a good starting point is an effective low-energy model that captures the electronic states near the Fermi level and their interactions. However, in contrast to cuprates, iron-based high-T <sub>c</sub> compounds are multi-orbital systems with Hubbard and Hund interactions, resulting in a rather involved 10-orbital lattice model. Here we review different minimal models that have been proposed to unveil the universal features of these systems. We first review minimal models defined solely in the orbital basis, which focus on a particular subspace of orbitals, or solely in the band basis, which rely only on the geometry of the Fermi surface. The former, while providing important qualitative insight into the role of the orbital degrees of freedom, do not distinguish between high-energy and low-energy sectors and, for this reason, generally do not go beyond mean-field. The latter allow one to go beyond mean-field and investigate the interplay between superconducting and magnetic orders as well as Ising-nematic order. However, they cannot capture orbital-dependent features like spontaneous orbital order. We then review recent proposals for a minimal model that operates in the band basis but fully incorporates the orbital composition and symmetries of the low-energy excitations. We discuss the results of the renormalization group study of such a model, particularly of the interplay between superconductivity, magnetism, and spontaneous orbital order, and compare theoretical predictions with experiments on iron pnictides and chalcogenides. We also discuss the impact of the glide-plane symmetry on the low-energy models, highlighting the key role played by the spin-orbit coupling.","{""system"": ""Fe-based superconductors (pnictides, chalcogenides)"", ""model"": ""Low-energy multi-orbital models; renormalization group"", ""pure el-ph coupling"": 0, ""bipolaron el-ph coupling"": 0, ""AFM fluctuation"": 4, ""FM fluctuation"": 0, ""charge density wave"": 0, ""nematic fluctuation"": 4, ""plasmon fluctuation"": 0, ""pure el correlation"": 0, ""spin liquid el correlation"": 0}"
